[{"id":"user-image-sofa.jpg","publicUrl":"np://user.desktop.nicepage.com/Site_155518192/images/sofa.jpg","size":21303,"hash":"zAfQopG0t3CTyADGwMWaO5SrQJ0=","fileName":"sofa.jpg","name":"sofa","width":612,"height":344,"thumbnail":{"url":"np://user.desktop.nicepage.com/Site_155518192/images/thumbnails/sofa.jpg","width":250,"height":141},"folderId":null,"usages":["34057124"]},{"id":"user-image-Voz-VUX1.jpeg","publicUrl":"np://user.desktop.nicepage.com/Site_155518192/images/Voz-VUX1.jpeg","size":107958,"hash":"HXj4bXx71Yvu4+sbFuc7cTHygWs=","fileName":"Voz-VUX1.jpeg","name":"Voz-VUX1","width":962,"height":597,"thumbnail":{"url":"np://user.desktop.nicepage.com/Site_155518192/images/thumbnails/Voz-VUX1.jpeg","width":250,"height":155},"folderId":null,"usages":["34057124"]},{"id":"user-image-34057124-0.jpeg","publicUrl":"np://user.desktop.nicepage.com/Site_155518192/images/34057124-0.jpeg","size":255576,"hash":"p2jupOojWsifh5sG0UrKu16m584=","fileName":"34057124-0.jpeg","name":"34057124-0","width":1553,"height":1000,"thumbnail":{"url":"np://user.desktop.nicepage.com/Site_155518192/images/thumbnails/34057124-0.jpeg","width":250,"height":161},"folderId":null,"usages":["34057124"]},{"id":"user-image-zzlogo1.jpg","publicUrl":"np://user.desktop.nicepage.com/Site_155518192/images/zzlogo1.jpg","size":27170,"hash":"tGsPwP7UC2e69Hsgq+hFu0YoJRM=","fileName":"zzlogo1.jpg","name":"zzlogo1","width":640,"height":426,"thumbnail":{"url":"np://user.desktop.nicepage.com/Site_155518192/images/thumbnails/zzlogo1.jpg","width":250,"height":166},"folderId":null,"usages":["2005604479","87257144","34057124"]},{"id":"user-image--min.jpg","publicUrl":"np://user.desktop.nicepage.com/Site_155518192/images/-min.jpg","size":99798,"hash":"nMCTKtJMCI8CcBbtRttVWpJ+YBQ=","fileName":"-min.jpg","name":"-min","width":1782,"height":1080,"thumbnail":{"url":"np://user.desktop.nicepage.com/Site_155518192/images/thumbnails/-min.jpg","width":250,"height":152},"folderId":null,"originalUrl":"//images01.nicepage.com/c461c07a441a5d220e8feb1a/0368ac4b59b75190a2cd6f0c/-min.jpg","usages":["34057124"]}]